Question,Variation,Type,Title,Text,Followers,Views,Engagement,Income,Subscribers,CostName,CostVal,Explanation
1,Question,Headshot or Selfie?,"You have ~500 followers and realize your profile photo is a casual phone selfie. You wonder whether to invest in a professional headshot to look more polished, or keep the authentic, DIY image. What do you choose?",,,,,,,,
1,Choice,Hire a Professional Photographer,"You book a session with a photographer to get a high-quality headshot for your profile photo.",1.10,1.12,1.10,1.00,1.00,Professional Headshot (one-time),-200,"Investing in a polished headshot can make a strong first impression and signal professionalism:contentReference[oaicite:0]{index=0}. This can attract followers who take you seriously. However, it costs money upfront and might not pay off immediately at this stage."
1,Choice,Stick with DIY Photo,"You decide to keep your current casual selfie and focus on content creation instead of spending money on a new photo.",1.02,1.05,1.03,1.00,1.00,,,"Sticking with your authentic DIY photo saves you money and maintains a genuine connection with viewers. Early audiences often value ‘real people’ over overly polished personas:contentReference[oaicite:1]{index=1}, so this choice can feel authentic. It may grow your following more slowly, but fits a tight budget at this stage."
1,Question,DIY Design Tool or Pro Designer?,"At ~800 followers, you consider improving your profile’s look. You have a free trial of a design tool (e.g., Canva Pro) to create a polished cover/bio style, or you could hire a professional designer for a one-time branding package. What do you do?",,,,,,,,
1,Choice,Use DIY Design Tool,"You use an affordable design platform (like Canva) to create a cohesive profile theme and logo yourself.",1.05,1.07,1.06,1.00,1.00,Design Software (monthly),-10,"Using a low-cost design tool improves your branding without heavy investment. It can make your profile look sharper (improving first impressions):contentReference[oaicite:2]{index=2}. This fits a cautious budget and makes sense if you want better visuals now but can’t justify a big expense."
1,Choice,Hire a Professional Designer,"You pay for a one-time custom logo and cover design to give your profile a unique, professional look.",1.12,1.15,1.12,1.00,1.00,Logo & Branding (one-time),-200,"A custom design can significantly polish your profile’s image, attracting credibility:contentReference[oaicite:3]{index=3}. If you have the budget, this can help you stand out. But at this early stage, the cost is high, so this makes sense only if you’re confident the investment will accelerate growth significantly."
1,Question,Niche Focus or Diverse Content?,"You post a variety of content (comedy, tutorials, lifestyle). A mentor suggests focusing on one niche to build a stronger brand. Should you narrow your focus or keep experimenting with different topics?",,,,,,,,
1,Choice,Focus on One Niche,"You decide to specialize in one content area (e.g., just tutorials or just comedy) to make your channel’s theme clear.",1.10,1.12,1.11,1.00,1.00,,,"Narrowing to a single niche makes your brand clear, so new viewers immediately understand your expertise:contentReference[oaicite:4]{index=4}. This clarity can speed up follower growth among your target audience. It’s sensible if you have a strong interest or skill in that niche and want faster growth within that community."
1,Choice,Keep Diverse Topics,"You continue posting a wide range of content without limiting yourself to one niche.",1.03,1.05,1.04,1.00,1.00,,,"Mixing various topics lets you stay creative and authentic, which you enjoy. Early on, experimenting can be fun and help you discover what sticks. This fits a mindset of exploration, though it may slow growth since your brand is less defined:contentReference[oaicite:5]{index=5}."
1,Question,Upgrade Your Camera or Not?,"You’ve been using your phone camera for all videos. You’re considering investing ~$1000 in a high-end camera and mic. Should you upgrade your gear now or stick with your smartphone?",,,,,,,,
1,Choice,Invest in a Professional Camera,"You purchase a DSLR camera and mic to improve your video and audio quality significantly.",1.08,1.10,1.09,1.00,1.00,Camera & Mic (one-time),-1000,"Higher-end equipment can make your videos look and sound more professional. Viewers notice quality quickly, and professional production can increase retention:contentReference[oaicite:6]{index=6}. This is worth it if content quality is key to your niche. But if your style is casual vlog-style, it might be better to save money now."
1,Choice,Use Your Smartphone,"You decide to stick with your current phone camera and focus on improving your content, saving money.",1.02,1.03,1.02,1.00,1.00,,,"Modern smartphones can still produce decent quality, especially in the right light. Using your phone saves you a lot of money and maintains an authentic feel. It makes sense if you’re on a budget; you can upgrade later after your channel grows bigger."
2,Question,Pin Trending or Branded Video?,"You have ~1200 followers. You can pin one video to the top of your profile. Your most-viewed video is a viral funny clip that’s offbeat, while a brand-authentic video (aligned with your niche) has moderate views. Which do you pin?",,,,,,,,
2,Choice,Pin the Viral Clip,"You pin the trending, high-view video (even though it’s not representative of your usual content).",1.15,1.20,1.08,1.00,1.00,,,"Pinning a viral video can immediately attract new viewers because high views act as social proof. This quick growth hack draws attention. It’s a good choice if you want rapid visibility, though keep in mind the clip may set mixed expectations."
2,Choice,Pin a Brand-Focused Video,"You pin the video that best represents your niche and style, even though it had lower views.",1.08,1.10,1.12,1.00,1.00,,,"Pinning a representative video showcases your real brand to every visitor. It might not get instant viral exposure, but audiences appreciate seeing genuine content first. People often trust authentic creators:contentReference[oaicite:7]{index=7}, so this choice can help build a loyal follower base that truly matches your niche."
2,Question,Add an Intro Video or Not?,"With 1500 followers, you wonder if an 'About Me' intro video would help. It could clearly explain who you are and what you do. Creating it means less time on new content. Should you make an intro video?",,,,,,,,
2,Choice,Create an Intro Video,"You produce a polished introduction video explaining your channel’s theme and goals, and pin it at the top of your profile.",1.05,1.07,1.06,1.00,1.00,,,"An intro video can enhance the first impression by clearly communicating your value. Since people form quick judgments (within seconds) about profiles:contentReference[oaicite:8]{index=8}, this helps viewers instantly understand your purpose. It makes sense if you find that newcomers often ask what your channel is about."
2,Choice,Skip the Intro,"You decide to focus all your time on creating regular content and not make a separate intro clip.",1.02,1.03,1.01,1.00,1.00,,,"Skipping the intro lets you put all effort into new content. This can be good if your existing videos already show your style. It’s practical when content is your priority and you’d rather have more fresh posts than extra explanatory material."
2,Question,Branding Intros/Outros or Not?,"You consider adding a short branded intro/outro (like a logo animation) to every video to look more professional. This takes a few seconds each video. Do you implement it now?",,,,,,,,
2,Choice,Add Branded Intro/Outro,"You add a consistent 3-second intro and outro with your logo and jingle to each video.",1.06,1.07,1.05,1.00,1.00,,,"A branded intro/outro can boost professionalism and brand recall. Viewers often judge content quality quickly, and polished production (even a brief intro) can improve retention:contentReference[oaicite:9]{index=9}. If you’re aiming to look established, this is a good move, especially if you already have a loyal following."
2,Choice,No Intro, More Content,"You skip any extra intros and focus on maximizing content time.",1.03,1.04,1.02,1.00,1.00,,,"Keeping videos raw saves seconds of run-time and gets straight into content. This can maintain viewer interest by delivering value immediately. It fits creators who want authenticity and have limited content per video. If your current style is casual, introducing fancy intros might not resonate as much."
2,Question,Consistent Aesthetic or Variety?,"Your videos have inconsistent lighting/filters. You could edit new posts to use the same color scheme and visual style. Should you enforce a consistent aesthetic across all videos?",,,,,,,,
2,Choice,Adopt a Cohesive Aesthetic,"You apply consistent color grading and style across all new videos for a unified look.",1.07,1.08,1.06,1.00,1.00,,,"A cohesive visual style strengthens your brand identity. Profiles with a consistent theme create a strong first impression:contentReference[oaicite:10]{index=10}. This can make viewers perceive your channel as polished and professional, which can increase trust and encourage follows that last."
2,Choice,Keep Diverse Styles,"You continue experimenting with different looks and filters for each video.",1.02,1.03,1.02,1.00,1.00,,,"Using varied styles keeps your process flexible and creative. This approach suits those who prefer to experiment and might appeal if your audience likes novelty. It’s authentic to your personality, though it may slow brand recognition since viewers see different aesthetics each time."
3,Question,Posting Frequency: Quantity or Quality?,"At ~2500 followers, you debate whether to prioritize posting often (every day) with simpler edits, or posting less frequently with higher-quality production. What strategy do you choose?",,,,,,,,
3,Choice,High-Volume Posting (Daily),"You commit to uploading a new video every day, focusing on consistency and quantity over heavy editing.",1.20,1.15,1.10,1.00,1.00,,,"Posting more frequently increases your chances of being seen, since multiple posts per day can boost follower growth:contentReference[oaicite:11]{index=11}. This works well if you have many ideas and can keep decent quality. It fits creators who rely on momentum. However, watch out for burnout and ensure each post still delivers value."
3,Choice,High-Quality Posts (Less Often),"You decide to focus on creating fewer videos but invest more time in each to make them exceptional.",1.08,1.12,1.15,1.00,1.00,,,"High-quality content often leads to better engagement. Platforms reward videos that hold attention, so polished posts can be more impactful:contentReference[oaicite:12]{index=12}. This strategy suits creators who prioritize viewer experience and sustainable growth. Though you’ll post less often, each video could perform very well."
3,Question,Follow Trends or Focus on Evergreen Content?,"You like making evergreen tutorial videos, but trending challenges get quick spikes. Should you create trend-based videos or stick to evergreen content that reflects your expertise?",,,,,,,,
3,Choice,Chase Trending Challenges,"You jump on the latest viral trends and challenges, adapting them to your style to gain quick visibility.",1.15,1.20,1.10,1.00,1.00,,,"Participating in trends can give you immediate exposure to new audiences, as the algorithm pushes trending content. It makes sense if you want fast growth and can align trends with your brand. Just be mindful that the boost can be temporary, so use trends sparingly to avoid appearing inauthentic."
3,Choice,Focus on Evergreen Tutorials,"You focus on creating content that is always relevant and showcases your knowledge, ignoring short-lived fads.",1.05,1.08,1.15,1.00,1.00,,,"Evergreen content builds lasting value and attracts viewers looking for helpful tutorials. This can grow a dedicated audience over time. It suits creators who want to highlight expertise. Such genuine, helpful content tends to engage viewers deeply:contentReference[oaicite:13]{index=13}, though it might take longer to see large numbers."
3,Question,Go Live or Keep Posts Only?,"Some fans suggest doing weekly live streams to connect with followers. Live streaming takes additional preparation. Do you add live sessions to your schedule or stick to pre-recorded videos?",,,,,,,,
3,Choice,Host Weekly Live Sessions,"You schedule a weekly live Q&A or livestream to engage with followers in real time.",1.10,1.12,1.18,1.05,1.00,,,"Live streams create personal connection and a sense of community. Real-time interaction often boosts engagement (fans love asking questions and feeling seen). This fits creators who enjoy on-camera spontaneity. The boost in engagement and even tips (represented by Income rise) can be worth the extra effort."
3,Choice,Stick to Recorded Content,"You continue focusing exclusively on recorded, edited videos and do not schedule any live streams.",1.03,1.05,1.08,1.00,1.00,,,"Focusing on recorded content lets you polish every video without the unpredictability of live performance. It saves time you’d spend preparing streams. This is sensible if you’re less confident on live or if your audience prefers high-quality edited content."
3,Question,Collaborate with Others or Go Solo?,"A fellow creator with a similar following invites you to make a collaboration video. Collaborating could expose each other’s audiences to new content. However, it involves coordinating schedules and style. Do you collaborate or keep creating solo?",,,,,,,,
3,Choice,Collaborate with the Other Creator,"You agree to create a joint video together, potentially exposing each other’s audiences to new content.",1.12,1.15,1.13,1.00,1.00,,,"Collaborations tap into social proof and network effects: your content reaches new viewers via your partner. It often leads to follower boosts for both sides. This is a good strategy if you trust their style and the audiences are compatible. Teaming up can accelerate growth."
3,Choice,Continue Solo Creation,"You decide to handle all content yourself and decline the collaboration opportunity.",1.04,1.06,1.05,1.00,1.00,,,"Staying solo keeps your brand consistent and avoids the effort of coordinating. This suits creators who prefer full creative control. You might grow more slowly without shared exposure, but you save time and maintain your unique style."
4,Question,First Sponsorship Offer: Yes or No?,"A small brand offers you $100 for a brief sponsored mention. Accepting could yield income but risks appearing commercial. Do you accept the sponsor or wait for a better one?",,,,,,,,
4,Choice,Accept the Sponsorship,"You agree to feature the brand in your content and take the $100 payment.",1.05,1.03,0.98,1.20,1.00,,,"Taking a sponsor provides immediate income and shows you’re entering the business side. Audiences appreciate transparency; openly labeling the ad can even increase trust:contentReference[oaicite:14]{index=14}. This makes sense if the brand fits your content. However, some followers might react negatively to ads, so balance it carefully."
4,Choice,Decline for Now,"You decide to politely turn down the offer and focus on your content, hoping for a more suitable deal later.",1.08,1.05,1.05,1.00,1.00,,,"Skipping the early sponsor prioritizes authenticity and follower trust. Many early creators wait on ads until they’re bigger. It can be wise because audiences prefer genuine content:contentReference[oaicite:15]{index=15}, and building your channel further now may lead to higher-paying, better-aligned deals later."
4,Question,Start Subscriptions/Gifts Now or Later?,"Your platform offers a paid subscription or gifting feature. You could start offering paid perks to followers now or hold off until you grow more. Do you enable it now?",,,,,,,,
4,Choice,Enable Paid Subscriptions/Tips,"You set up a paid tier and tipping options so fans can support you financially for exclusive perks.",1.02,1.03,1.05,1.15,1.10,,,"This creates a new revenue stream and rewards your most engaged fans. Exclusive perks can deepen loyalty and bring income now. It makes sense if you have a core community willing to pay. However, be mindful: if fans aren’t prepared, it could slow follower growth. Consider value versus potential pushback."
4,Choice,Keep Everything Free for Now,"You decide to focus on growing your base and don't introduce any paid tiers or tipping yet.",1.06,1.07,1.04,1.00,1.00,,,"Avoiding subscriptions keeps your content fully free, which can maximize reach and avoid alienating new followers. This is sensible if you want to build a larger audience first; once you have a more established community, you can introduce paid options without upsetting your growth curve."
4,Question,Launch a Merchandise Line or Not?,"You have an idea for a simple merchandise item (like a t-shirt or sticker). Launching it involves design work and possibly upfront costs. Do you create merch or focus on content instead?",,,,,,,,
4,Choice,Create and Sell Merchandise,"You design a branded t-shirt/sticker and set up a small merch store for fans to buy.",1.05,1.04,1.02,1.10,1.00,,,"Merch can provide income and deepen your brand. By wearing your merch, fans promote you (social proof). Creators with diverse income streams often earn much more:contentReference[oaicite:16]{index=16}. This makes sense if you have a dedicated following who might buy. The downside is cost and effort, so ensure demand is real."
4,Choice,Keep Merchandise for Later,"You choose not to launch merch right now and concentrate on growing your audience.",1.07,1.08,1.05,1.00,1.00,,,"Not investing in merch avoids risk and keeps you focused on content. If sales would be low with your current audience, it's wise to hold off. Building followers first means potentially bigger merch sales later, making future launches more profitable than early attempts."
4,Question,Enable Fan Gifting/Tips Now or Later?,"Your platform supports fan tipping or gifting (like virtual coins). Turning it on could bring some money. However, doing so might affect how your audience perceives you. Should you enable it now?",,,,,,,,
4,Choice,Enable Tipping/Gifts,"You turn on the tipping/gifts feature so fans can send money during streams or videos.",1.03,1.04,1.07,1.10,1.00,,,"Enabling tips gives fans a chance to support you directly, potentially boosting income and engagement. This can strengthen community bonds: followers who tip get recognized (social proof):contentReference[oaicite:17]{index=17}. It’s a good choice if you have a loyal audience that’s eager to contribute."
4,Choice,Keep Content Ad-Free,"You decide not to enable tipping yet, keeping the experience the same for all users.",1.06,1.07,1.02,1.00,1.00,,,"Not enabling tipping keeps the focus on content and avoids any perception of pressuring fans for money. It makes sense if you want to emphasize community over monetization. You can introduce it later when the audience is more accustomed and the feature feels natural."
5,Question,Hire a Video Editor or DIY?,"You've reached ~8000 followers. You've been editing videos yourself, which is time-consuming. You could hire a professional video editor or continue doing it all. What do you do?",,,,,,,,
5,Choice,Hire a Pro Editor,"You hire a professional video editor to polish your videos each week.",1.15,1.20,1.18,1.00,1.00,Editing Service (per video),-200,"Professional editing dramatically boosts quality and viewer retention. Creators with pro editing often grow much faster:contentReference[oaicite:18]{index=18}:contentReference[oaicite:19]{index=19}. If you have revenue to invest, this can significantly accelerate your channel growth now."
5,Choice,Keep Editing Yourself,"You continue handling all the editing on your own to save money.",1.05,1.08,1.05,1.00,1.00,,,"DIY editing saves money and keeps full creative control. If you already produce decent videos and want to avoid extra costs, this choice makes sense. However, growth improvements may be slower without professional polish, and editing yourself can be exhausting."
5,Question,Professional Photoshoot or DIY Content?,"You're planning a big content push and wonder if you should hire a professional photographer/videographer for a photoshoot, or just do it yourself with your current equipment.",,,,,,,,
5,Choice,Book a Photoshoot,"You hire a photographer/videographer to create high-quality visuals for your profile and content.",1.12,1.10,1.15,1.00,1.00,Photoshoot Session (one-time),-500,"Professional visuals can make your channel look more premium and attract attention. Around milestones or rebrands, high-quality images signal seriousness and often increase engagement. This makes sense if you want standout promotional material and have the budget."
5,Choice,DIY Photoshoot,"You handle the photos/video shoot yourself with your existing gear.",1.05,1.06,1.08,1.00,1.00,,,"Doing it yourself costs nothing and shows you can produce content independently. If you’re on a budget or prefer the DIY aesthetic, this is reasonable. It may result in lower production value, but for some audiences, the authenticity is appealing."
5,Question,Take an Online Course or Self-Learn?,"A paid online course on advanced content strategy is available for $200. It promises growth techniques. Do you invest in it or rely on free research and trial-and-error?",,,,,,,,
5,Choice,Purchase the Course,"You pay $200 to enroll in the online course, hoping to learn proven strategies.",1.10,1.10,1.12,1.00,1.00,Content Strategy Course (one-time),-200,"A structured course can fast-track your learning and introduce you to best practices. If the content is good, it may help optimize your strategy quickly. This makes sense if you value mentorship and want to avoid mistakes, assuming you believe the course offers valuable insights."
5,Choice,Self-Study and Experiment,"You skip the course and plan to learn through free resources and your own experiments.",1.05,1.06,1.05,1.00,1.00,,,"Self-learning through free resources and tests saves money and teaches through experience. This suits independent creators who enjoy problem-solving. Progress may be slower and unstructured, but you keep costs low."
5,Question,Join a Creator Workshop or Not?,"A paid workshop ($300) for creators is available, promising networking and growth tactics. Do you attend, or skip it?",,,,,,,,
5,Choice,Attend the Workshop,"You enroll in the workshop, hoping to gain insights and connections.",1.12,1.11,1.15,1.00,1.00,Workshop Ticket (one-time),-300,"Workshops can offer expert advice and contacts, potentially sparking new ideas and collaborations. If it’s reputable, this could significantly benefit your growth and skills. It’s a good choice if you feel stuck or need fresh inspiration, and if you can spare the time and money for it."
5,Choice,Skip It and Stay Independent,"You decide not to attend and keep focusing on content creation by yourself.",1.07,1.08,1.10,1.00,1.00,,,"By not attending, you save money and stay focused on your own schedule. This works if you trust your own learning or if the workshop’s content seems generic. It’s reasonable if you prefer practical experience over structured classes."
6,Question,Launch Paid Subscribers or Not?,"With ~20,000 followers, you consider offering exclusive paid subscription content (like Patreon or TikTok subscriptions). Some fans might pay, but others could be upset. Do you launch subscriber-only content now?",,,,,,,,
6,Choice,Start Subscription Tiers,"You create paid subscription tiers with exclusive content and perks for fans.",1.05,1.06,1.12,1.15,1.20,,,"Paid tiers can monetize your most dedicated fans. Exclusive offers create scarcity and value for subscribers:contentReference[oaicite:20]{index=20}. This makes sense if you have a strong core audience that would appreciate extra content. It can significantly boost income and engagement from that segment."
6,Choice,Wait Before Monetizing,"You keep all content free for now and postpone introducing any paid tiers or subscriber perks.",1.08,1.10,1.08,1.00,1.00,,,"Delaying paid content keeps your community open and maximizes growth. It makes sense if you want to expand your audience without barriers. You can focus on bringing in more followers, and launch subscriptions later when you have more content to offer."
6,Question,Subscriber-Only Events or Everyone?,"You could start hosting exclusive live Q&A or streams only for paying subscribers, while regular followers get nothing special. Should you introduce subscriber-only events?",,,,,,,,
6,Choice,Offer Subscriber-Only Streams,"You announce special live sessions that only paying subscribers can access.",1.03,1.04,1.15,1.20,1.25,,,"Exclusive events reward subscribers and use scarcity to add value:contentReference[oaicite:21]{index=21}. This can drive more sign-ups and deepen loyalty, since fans feel they’re getting something special. It fits a strategy of rewarding your top supporters and can increase monthly income."
6,Choice,Keep All Live Streams Open,"You continue live streaming for all viewers without any paywall.",1.05,1.06,1.08,1.00,1.00,,,"Hosting streams for everyone keeps engagement broad and inclusive. It ensures no fan is left out, which can foster goodwill. This is sensible if you want to maintain a large, engaged community; you may gain fewer immediate revenues but retain trust and reach."
6,Question,Create a Paid Course/Product or Not?,"You think about developing a paid digital course or e-book to sell. This could bring income but requires effort. Do you proceed or keep all offerings free?",,,,,,,,
6,Choice,Develop and Sell a Course,"You invest time to create a paid online course or guide, then sell it to your audience.",1.04,1.05,1.06,1.30,1.00,,,"A digital course taps into your expertise and can yield high income. With many followers, even a small conversion rate can be profitable. Content creators often earn significant revenue by selling courses or ebooks:contentReference[oaicite:22]{index=22}. This makes sense if you have a topic your audience truly cares about and trust to pay."
6,Choice,Keep Content Free,"You decide not to create paid products and continue offering only free content.",1.08,1.10,1.10,1.00,1.00,,,"Keeping everything free removes any barrier to growth. This is wise if your community is not ready to pay or you want to keep your brand’s image of generosity. You can always monetize in other ways later. This approach maximizes reach but means relying on other income sources."
6,Question,Create a Paid Community or Not?,"You consider starting a paid Discord or fan community (subscription). This could raise funds but may exclude some fans. Do you launch a paid community group?",,,,,,,,
6,Choice,Launch a Paid Community,"You set up a paid community channel (e.g., Discord server) for fans who subscribe monthly.",1.03,1.03,1.25,1.18,1.20,,,"A paid community gives fans a closer connection and exclusive interaction, boosting loyalty. It leverages social proof and exclusivity: members feel special and may engage more:contentReference[oaicite:23]{index=23}. This works if you want to deepen your core fanbase relationships and have plenty of special content to share within that group."
6,Choice,Keep Community Free,"You decide to keep all your community spaces open and free for everyone.",1.06,1.08,1.10,1.00,1.00,,,"Maintaining a free community means no one is left out and growth isn't gated by cost. It fits a philosophy of inclusivity. You can still foster engagement via surveys or unofficial groups. This may limit your direct income from community, but can grow your overall audience and trust first."
